<?xml version="1.0" encoding="UTF-8"?>
<TaskState connectorKind="bugzilla" repositoryUrl="https://bugs.eclipse.org/bugs" taskId="" version="2.0">
<NewData connectorKind="bugzilla" repositoryUrl="https://bugs.eclipse.org/bugs" taskId="" version="4.8">
<Attributes>
<Attribute id="root">
<values/>
<options/>
<MetaData/>
<Attributes>
<Attribute id="product">
<values>
<value>ACTF</value>
</values>
<options>
<option>
<key>ACTF</key>
<value>ACTF</value>
</option>
<option>
<key>AJDT</key>
<value>AJDT</value>
</option>
<option>
<key>AMP</key>
<value>AMP</value>
</option>
<option>
<key>ATF</key>
<value>ATF</value>
</option>
<option>
<key>Aether</key>
<value>Aether</value>
</option>
<option>
<key>Amalgam</key>
<value>Amalgam</value>
</option>
<option>
<key>Apricot</key>
<value>Apricot</value>
</option>
<option>
<key>AspectJ</key>
<value>AspectJ</value>
</option>
<option>
<key>BIRT</key>
<value>BIRT</value>
</option>
<option>
<key>BPEL</key>
<value>BPEL</value>
</option>
<option>
<key>BPMN2Modeler</key>
<value>BPMN2Modeler</value>
</option>
<option>
<key>Babel</key>
<value>Babel</value>
</option>
<option>
<key>Buckminster</key>
<value>Buckminster</value>
</option>
<option>
<key>CBI</key>
<value>CBI</value>
</option>
<option>
<key>CDT</key>
<value>CDT</value>
</option>
<option>
<key>Community</key>
<value>Community</value>
</option>
<option>
<key>DLTK</key>
<value>DLTK</value>
</option>
<option>
<key>Dali JPA Tools</key>
<value>Dali JPA Tools</value>
</option>
<option>
<key>Damos</key>
<value>Damos</value>
</option>
<option>
<key>Dash</key>
<value>Dash</value>
</option>
<option>
<key>Data Tools</key>
<value>Data Tools</value>
</option>
<option>
<key>Drupal</key>
<value>Drupal</value>
</option>
<option>
<key>EBR</key>
<value>EBR</value>
</option>
<option>
<key>ECF</key>
<value>ECF</value>
</option>
<option>
<key>EDT</key>
<value>EDT</value>
</option>
<option>
<key>EGit</key>
<value>EGit</value>
</option>
<option>
<key>EMF</key>
<value>EMF</value>
</option>
<option>
<key>EMF.Diffmerge</key>
<value>EMF.Diffmerge</value>
</option>
<option>
<key>EMF.EGF</key>
<value>EMF.EGF</value>
</option>
<option>
<key>EMFCompare</key>
<value>EMFCompare</value>
</option>
<option>
<key>EMFT</key>
<value>EMFT</value>
</option>
<option>
<key>EMFT.Doc2Model</key>
<value>EMFT.Doc2Model</value>
</option>
<option>
<key>EMFT.Featuremodel</key>
<value>EMFT.Featuremodel</value>
</option>
<option>
<key>EMFT.Henshin</key>
<value>EMFT.Henshin</value>
</option>
<option>
<key>EMFT.Refactor</key>
<value>EMFT.Refactor</value>
</option>
<option>
<key>EMFT.Wazaabi</key>
<value>EMFT.Wazaabi</value>
</option>
<option>
<key>EMFT.b3</key>
<value>EMFT.b3</value>
</option>
<option>
<key>EMFT.emf-store</key>
<value>EMFT.emf-store</value>
</option>
<option>
<key>EMFT.emfclient</key>
<value>EMFT.emfclient</value>
</option>
<option>
<key>EMFT.facet</key>
<value>EMFT.facet</value>
</option>
<option>
<key>EMFT.js4emf</key>
<value>EMFT.js4emf</value>
</option>
<option>
<key>EPF</key>
<value>EPF</value>
</option>
<option>
<key>EPP</key>
<value>EPP</value>
</option>
<option>
<key>ERCP</key>
<value>ERCP</value>
</option>
<option>
<key>EclipseLink</key>
<value>EclipseLink</value>
</option>
<option>
<key>Efxclipse</key>
<value>Efxclipse</value>
</option>
<option>
<key>Epsilon</key>
<value>Epsilon</value>
</option>
<option>
<key>Equinox</key>
<value>Equinox</value>
</option>
<option>
<key>Examples</key>
<value>Examples</value>
</option>
<option>
<key>GEF</key>
<value>GEF</value>
</option>
<option>
<key>GEF3D</key>
<value>GEF3D</value>
</option>
<option>
<key>GMF-Tooling</key>
<value>GMF-Tooling</value>
</option>
<option>
<key>GMP</key>
<value>GMP</value>
</option>
<option>
<key>GMT</key>
<value>GMT</value>
</option>
<option>
<key>Gemini</key>
<value>Gemini</value>
</option>
<option>
<key>Gemini.Blueprint</key>
<value>Gemini.Blueprint</value>
</option>
<option>
<key>Gemini.DBaccess</key>
<value>Gemini.DBaccess</value>
</option>
<option>
<key>Gemini.JPA</key>
<value>Gemini.JPA</value>
</option>
<option>
<key>Gemini.Management</key>
<value>Gemini.Management</value>
</option>
<option>
<key>Gemini.Naming</key>
<value>Gemini.Naming</value>
</option>
<option>
<key>Gemini.Web</key>
<value>Gemini.Web</value>
</option>
<option>
<key>Gyrex</key>
<value>Gyrex</value>
</option>
<option>
<key>Higgins</key>
<value>Higgins</value>
</option>
<option>
<key>Hudson</key>
<value>Hudson</value>
</option>
<option>
<key>IDE4EDU</key>
<value>IDE4EDU</value>
</option>
<option>
<key>IMP</key>
<value>IMP</value>
</option>
<option>
<key>Incquery</key>
<value>Incquery</value>
</option>
<option>
<key>Incubator</key>
<value>Incubator</value>
</option>
<option>
<key>JDT</key>
<value>JDT</value>
</option>
<option>
<key>JGit</key>
<value>JGit</value>
</option>
<option>
<key>JSDT</key>
<value>JSDT</value>
</option>
<option>
<key>JWT</key>
<value>JWT</value>
</option>
<option>
<key>Java EE Config</key>
<value>Java EE Config</value>
</option>
<option>
<key>Java Server Faces</key>
<value>Java Server Faces</value>
</option>
<option>
<key>Jetty</key>
<value>Jetty</value>
</option>
<option>
<key>Jubula</key>
<value>Jubula</value>
</option>
<option>
<key>Koneki</key>
<value>Koneki</value>
</option>
<option>
<key>LTS</key>
<value>LTS</value>
</option>
<option>
<key>Libra</key>
<value>Libra</value>
</option>
<option>
<key>Linux Tools</key>
<value>Linux Tools</value>
</option>
<option>
<key>Lyo</key>
<value>Lyo</value>
</option>
<option>
<key>M2E-WTP</key>
<value>M2E-WTP</value>
</option>
<option>
<key>M2T</key>
<value>M2T</value>
</option>
<option>
<key>MAT</key>
<value>MAT</value>
</option>
<option>
<key>MDT</key>
<value>MDT</value>
</option>
<option>
<key>MDT.BPMN2</key>
<value>MDT.BPMN2</value>
</option>
<option>
<key>MDT.Etrice</key>
<value>MDT.Etrice</value>
</option>
<option>
<key>MDT.MoDisco</key>
<value>MDT.MoDisco</value>
</option>
<option>
<key>MDT.OCL</key>
<value>MDT.OCL</value>
</option>
<option>
<key>MDT.Papyrus</key>
<value>MDT.Papyrus</value>
</option>
<option>
<key>MDT.RMF</key>
<value>MDT.RMF</value>
</option>
<option>
<key>MDT.Sphinx</key>
<value>MDT.Sphinx</value>
</option>
<option>
<key>MDT.UML2</key>
<value>MDT.UML2</value>
</option>
<option>
<key>MDT.XSD</key>
<value>MDT.XSD</value>
</option>
<option>
<key>MMT</key>
<value>MMT</value>
</option>
<option>
<key>MMT.ATL</key>
<value>MMT.ATL</value>
</option>
<option>
<key>MMT.QVTd</key>
<value>MMT.QVTd</value>
</option>
<option>
<key>MMT.QVTo</key>
<value>MMT.QVTo</value>
</option>
<option>
<key>MPC</key>
<value>MPC</value>
</option>
<option>
<key>MTJ</key>
<value>MTJ</value>
</option>
<option>
<key>Magrove</key>
<value>Magrove</value>
</option>
<option>
<key>Mihini</key>
<value>Mihini</value>
</option>
<option>
<key>Modeling</key>
<value>Modeling</value>
</option>
<option>
<key>Mylyn</key>
<value>Mylyn</value>
</option>
<option>
<key>Mylyn Builds</key>
<value>Mylyn Builds</value>
</option>
<option>
<key>Mylyn Commons</key>
<value>Mylyn Commons</value>
</option>
<option>
<key>Mylyn Context</key>
<value>Mylyn Context</value>
</option>
<option>
<key>Mylyn Context MFT</key>
<value>Mylyn Context MFT</value>
</option>
<option>
<key>Mylyn Docs</key>
<value>Mylyn Docs</value>
</option>
<option>
<key>Mylyn Docs Intent</key>
<value>Mylyn Docs Intent</value>
</option>
<option>
<key>Mylyn Docs Vex</key>
<value>Mylyn Docs Vex</value>
</option>
<option>
<key>Mylyn Incubator</key>
<value>Mylyn Incubator</value>
</option>
<option>
<key>Mylyn Reviews</key>
<value>Mylyn Reviews</value>
</option>
<option>
<key>Mylyn Reviews R4E</key>
<value>Mylyn Reviews R4E</value>
</option>
<option>
<key>Mylyn Tasks</key>
<value>Mylyn Tasks</value>
</option>
<option>
<key>Mylyn Versions</key>
<value>Mylyn Versions</value>
</option>
<option>
<key>NatTable</key>
<value>NatTable</value>
</option>
<option>
<key>Nebula</key>
<value>Nebula</value>
</option>
<option>
<key>Nebula.incubator</key>
<value>Nebula.incubator</value>
</option>
<option>
<key>OSEE</key>
<value>OSEE</value>
</option>
<option>
<key>Objectteams</key>
<value>Objectteams</value>
</option>
<option>
<key>Orbit</key>
<value>Orbit</value>
</option>
<option>
<key>Orion</key>
<value>Orion</value>
</option>
<option>
<key>PDE</key>
<value>PDE</value>
</option>
<option>
<key>PDT</key>
<value>PDT</value>
</option>
<option>
<key>PDT.Incubator</key>
<value>PDT.Incubator</value>
</option>
<option>
<key>PTP</key>
<value>PTP</value>
</option>
<option>
<key>Paho</key>
<value>Paho</value>
</option>
<option>
<key>Platform</key>
<value>Platform</value>
</option>
<option>
<key>RAP</key>
<value>RAP</value>
</option>
<option>
<key>RTP</key>
<value>RTP</value>
</option>
<option>
<key>RTSC</key>
<value>RTSC</value>
</option>
<option>
<key>Recommenders</key>
<value>Recommenders</value>
</option>
<option>
<key>Recommenders.Incubator</key>
<value>Recommenders.Incubator</value>
</option>
<option>
<key>Remus</key>
<value>Remus</value>
</option>
<option>
<key>Riena</key>
<value>Riena</value>
</option>
<option>
<key>SCA</key>
<value>SCA</value>
</option>
<option>
<key>SOA</key>
<value>SOA</value>
</option>
<option>
<key>SOA Platform</key>
<value>SOA Platform</value>
</option>
<option>
<key>STEM</key>
<value>STEM</value>
</option>
<option>
<key>SWTBot</key>
<value>SWTBot</value>
</option>
<option>
<key>Sapphire</key>
<value>Sapphire</value>
</option>
<option>
<key>Scout</key>
<value>Scout</value>
</option>
<option>
<key>Sequoyah</key>
<value>Sequoyah</value>
</option>
<option>
<key>Simultaneous Release</key>
<value>Simultaneous Release</value>
</option>
<option>
<key>Sisu</key>
<value>Sisu</value>
</option>
<option>
<key>Skalli</key>
<value>Skalli</value>
</option>
<option>
<key>Sketch</key>
<value>Sketch</value>
</option>
<option>
<key>Smila</key>
<value>Smila</value>
</option>
<option>
<key>Stardust</key>
<value>Stardust</value>
</option>
<option>
<key>Subversive</key>
<value>Subversive</value>
</option>
<option>
<key>Swordfish</key>
<value>Swordfish</value>
</option>
<option>
<key>TCF</key>
<value>TCF</value>
</option>
<option>
<key>TMF</key>
<value>TMF</value>
</option>
<option>
<key>TMW</key>
<value>TMW</value>
</option>
<option>
<key>TPTP ASF</key>
<value>TPTP ASF</value>
</option>
<option>
<key>TPTP Agent Controller</key>
<value>TPTP Agent Controller</value>
</option>
<option>
<key>TPTP Build to Manage</key>
<value>TPTP Build to Manage</value>
</option>
<option>
<key>TPTP Common Logging</key>
<value>TPTP Common Logging</value>
</option>
<option>
<key>TPTP GLA</key>
<value>TPTP GLA</value>
</option>
<option>
<key>TPTP Line Coverage</key>
<value>TPTP Line Coverage</value>
</option>
<option>
<key>TPTP Log Analyzer</key>
<value>TPTP Log Analyzer</value>
</option>
<option>
<key>TPTP Probe Instrumentation</key>
<value>TPTP Probe Instrumentation</value>
</option>
<option>
<key>TPTP Profiling</key>
<value>TPTP Profiling</value>
</option>
<option>
<key>TPTP Release Engineering</key>
<value>TPTP Release Engineering</value>
</option>
<option>
<key>TPTP Resource Monitoring</key>
<value>TPTP Resource Monitoring</value>
</option>
<option>
<key>TPTP Static Analysis</key>
<value>TPTP Static Analysis</value>
</option>
<option>
<key>TPTP Testing</key>
<value>TPTP Testing</value>
</option>
<option>
<key>Target Management</key>
<value>Target Management</value>
</option>
<option>
<key>Tigerstripe</key>
<value>Tigerstripe</value>
</option>
<option>
<key>Tools</key>
<value>Tools</value>
</option>
<option>
<key>Tycho</key>
<value>Tycho</value>
</option>
<option>
<key>UOMo</key>
<value>UOMo</value>
</option>
<option>
<key>UPR</key>
<value>UPR</value>
</option>
<option>
<key>VTP</key>
<value>VTP</value>
</option>
<option>
<key>Virgo</key>
<value>Virgo</value>
</option>
<option>
<key>Vjet</key>
<value>Vjet</value>
</option>
<option>
<key>WTP Common Tools</key>
<value>WTP Common Tools</value>
</option>
<option>
<key>WTP EJB Tools</key>
<value>WTP EJB Tools</value>
</option>
<option>
<key>WTP Incubator</key>
<value>WTP Incubator</value>
</option>
<option>
<key>WTP Java EE Tools</key>
<value>WTP Java EE Tools</value>
</option>
<option>
<key>WTP Releng</key>
<value>WTP Releng</value>
</option>
<option>
<key>WTP ServerTools</key>
<value>WTP ServerTools</value>
</option>
<option>
<key>WTP Source Editing</key>
<value>WTP Source Editing</value>
</option>
<option>
<key>WTP Webservices</key>
<value>WTP Webservices</value>
</option>
<option>
<key>WTP Website</key>
<value>WTP Website</value>
</option>
<option>
<key>Web Tools</key>
<value>Web Tools</value>
</option>
<option>
<key>WindowBuilder</key>
<value>WindowBuilder</value>
</option>
<option>
<key>Woolsey</key>
<value>Woolsey</value>
</option>
<option>
<key>Working Groups</key>
<value>Working Groups</value>
</option>
<option>
<key>XWT</key>
<value>XWT</value>
</option>
<option>
<key>Xtend</key>
<value>Xtend</value>
</option>
<option>
<key>e4</key>
<value>e4</value>
</option>
<option>
<key>eBAM</key>
<value>eBAM</value>
</option>
<option>
<key>eBPM</key>
<value>eBPM</value>
</option>
<option>
<key>gEclipse</key>
<value>gEclipse</value>
</option>
<option>
<key>m2e</key>
<value>m2e</value>
</option>
<option>
<key>z_Archived</key>
<value>z_Archived</value>
</option>
</options>
<MetaData>
<meta>
<key>task.meta.readOnly</key>
<value>false</value>
</meta>
<meta>
<key>task.meta.type</key>
<value>singleSelect</value>
</meta>
<meta>
<key>task.meta.attributeKind</key>
<value>task.common.kind.default</value>
</meta>
<meta>
<key>task.meta.label</key>
<value>Product:</value>
</meta>
</MetaData>
<Attributes/>
</Attribute>
<Attribute id="bug_status">
<values>
<value>NEW</value>
</values>
<options>
<option>
<key>UNCONFIRMED</key>
<value>UNCONFIRMED</value>
</option>
<option>
<key>NEW</key>
<value>NEW</value>
</option>
<option>
<key>ASSIGNED</key>
<value>ASSIGNED</value>
</option>
<option>
<key>REOPENED</key>
<value>REOPENED</value>
</option>
<option>
<key>RESOLVED</key>
<value>RESOLVED</value>
</option>
<option>
<key>VERIFIED</key>
<value>VERIFIED</value>
</option>
<option>
<key>CLOSED</key>
<value>CLOSED</value>
</option>
</options>
<MetaData>
<meta>
<key>task.meta.readOnly</key>
<value>true</value>
</meta>
<meta>
<key>task.meta.type</key>
<value>shortText</value>
</meta>
<meta>
<key>task.meta.label</key>
<value>Status:</value>
</meta>
</MetaData>
<Attributes/>
</Attribute>
<Attribute id="short_desc">
<values/>
<options/>
<MetaData>
<meta>
<key>task.meta.readOnly</key>
<value>false</value>
</meta>
<meta>
<key>task.meta.type</key>
<value>shortRichText</value>
</meta>
<meta>
<key>task.meta.label</key>
<value>Summary:</value>
</meta>
</MetaData>
<Attributes/>
</Attribute>
<Attribute id="version">
<values>
<value>unspecified</value>
</values>
<options>
<option>
<key>0.5.0</key>
<value>0.5.0</value>
</option>
<option>
<key>0.7.0</key>
<value>0.7.0</value>
</option>
<option>
<key>0.7.1</key>
<value>0.7.1</value>
</option>
<option>
<key>0.7.2</key>
<value>0.7.2</value>
</option>
<option>
<key>0.8.0</key>
<value>0.8.0</value>
</option>
<option>
<key>0.8.1</key>
<value>0.8.1</value>
</option>
<option>
<key>0.8.2</key>
<value>0.8.2</value>
</option>
<option>
<key>0.9.0</key>
<value>0.9.0</value>
</option>
<option>
<key>1.0.0</key>
<value>1.0.0</value>
</option>
<option>
<key>unspecified</key>
<value>unspecified</value>
</option>
</options>
<MetaData>
<meta>
<key>task.meta.readOnly</key>
<value>false</value>
</meta>
<meta>
<key>task.meta.type</key>
<value>singleSelect</value>
</meta>
<meta>
<key>task.meta.attributeKind</key>
<value>task.common.kind.default</value>
</meta>
<meta>
<key>task.meta.label</key>
<value>Version:</value>
</meta>
</MetaData>
<Attributes/>
</Attribute>
<Attribute id="component">
<values>
<value>accservice</value>
</values>
<options>
<option>
<key>AI</key>
<value>AI</value>
</option>
<option>
<key>Doc</key>
<value>Doc</value>
</option>
<option>
<key>Javaco</key>
<value>Javaco</value>
</option>
<option>
<key>Model</key>
<value>Model</value>
</option>
<option>
<key>Other</key>
<value>Other</value>
</option>
<option>
<key>Validation</key>
<value>Validation</value>
</option>
<option>
<key>Visualization</key>
<value>Visualization</value>
</option>
<option>
<key>Webelo</key>
<value>Webelo</value>
</option>
<option>
<key>accservice</key>
<value>accservice</value>
</option>
<option>
<key>core</key>
<value>core</value>
</option>
<option>
<key>examples</key>
<value>examples</value>
</option>
<option>
<key>util</key>
<value>util</value>
</option>
</options>
<MetaData>
<meta>
<key>task.meta.readOnly</key>
<value>false</value>
</meta>
<meta>
<key>task.meta.type</key>
<value>singleSelect</value>
</meta>
<meta>
<key>task.meta.attributeKind</key>
<value>task.common.kind.default</value>
</meta>
<meta>
<key>task.meta.label</key>
<value>Component:</value>
</meta>
</MetaData>
<Attributes/>
</Attribute>
<Attribute id="target_milestone">
<values>
<value>---</value>
</values>
<options>
<option>
<key>---</key>
<value>---</value>
</option>
<option>
<key>0.1</key>
<value>0.1</value>
</option>
<option>
<key>0.2</key>
<value>0.2</value>
</option>
<option>
<key>0.2 M1</key>
<value>0.2 M1</value>
</option>
<option>
<key>0.5</key>
<value>0.5</value>
</option>
<option>
<key>0.6</key>
<value>0.6</value>
</option>
<option>
<key>0.7</key>
<value>0.7</value>
</option>
<option>
<key>0.8</key>
<value>0.8</value>
</option>
<option>
<key>0.9</key>
<value>0.9</value>
</option>
<option>
<key>1.0</key>
<value>1.0</value>
</option>
</options>
<MetaData>
<meta>
<key>task.meta.readOnly</key>
<value>false</value>
</meta>
<meta>
<key>task.meta.type</key>
<value>singleSelect</value>
</meta>
<meta>
<key>task.meta.attributeKind</key>
<value>task.common.kind.default</value>
</meta>
<meta>
<key>task.meta.label</key>
<value>Target milestone:</value>
</meta>
</MetaData>
<Attributes/>
</Attribute>
<Attribute id="rep_platform">
<values>
<value>Macintosh</value>
</values>
<options>
<option>
<key>All</key>
<value>All</value>
</option>
<option>
<key>Macintosh</key>
<value>Macintosh</value>
</option>
<option>
<key>Other</key>
<value>Other</value>
</option>
<option>
<key>PC</key>
<value>PC</value>
</option>
<option>
<key>Power PC</key>
<value>Power PC</value>
</option>
<option>
<key>Sun</key>
<value>Sun</value>
</option>
</options>
<MetaData>
<meta>
<key>task.meta.readOnly</key>
<value>false</value>
</meta>
<meta>
<key>task.meta.type</key>
<value>singleSelect</value>
</meta>
<meta>
<key>task.meta.attributeKind</key>
<value>task.common.kind.default</value>
</meta>
<meta>
<key>task.meta.label</key>
<value>Platform:</value>
</meta>
</MetaData>
<Attributes/>
</Attribute>
<Attribute id="op_sys">
<values>
<value>Mac OS X</value>
</values>
<options>
<option>
<key>All</key>
<value>All</value>
</option>
<option>
<key>AIX GTK</key>
<value>AIX GTK</value>
</option>
<option>
<key>AIX Motif</key>
<value>AIX Motif</value>
</option>
<option>
<key>Android</key>
<value>Android</value>
</option>
<option>
<key>HP-UX</key>
<value>HP-UX</value>
</option>
<option>
<key>HP-UX GTK</key>
<value>HP-UX GTK</value>
</option>
<option>
<key>iOS</key>
<value>iOS</value>
</option>
<option>
<key>Linux</key>
<value>Linux</value>
</option>
<option>
<key>Linux-GTK</key>
<value>Linux-GTK</value>
</option>
<option>
<key>Linux-Motif</key>
<value>Linux-Motif</value>
</option>
<option>
<key>Linux Qt</key>
<value>Linux Qt</value>
</option>
<option>
<key>Mac OS X</key>
<value>Mac OS X</value>
</option>
<option>
<key>Neutrino</key>
<value>Neutrino</value>
</option>
<option>
<key>other</key>
<value>other</value>
</option>
<option>
<key>QNX-Photon</key>
<value>QNX-Photon</value>
</option>
<option>
<key>Solaris</key>
<value>Solaris</value>
</option>
<option>
<key>Solaris-GTK</key>
<value>Solaris-GTK</value>
</option>
<option>
<key>Solaris-Motif</key>
<value>Solaris-Motif</value>
</option>
<option>
<key>SymbianOS-Series 80</key>
<value>SymbianOS-Series 80</value>
</option>
<option>
<key>SymbianOS S60</key>
<value>SymbianOS S60</value>
</option>
<option>
<key>Symbian Qt</key>
<value>Symbian Qt</value>
</option>
<option>
<key>Unix All</key>
<value>Unix All</value>
</option>
<option>
<key>Windows All</key>
<value>Windows All</value>
</option>
<option>
<key>Windows 95</key>
<value>Windows 95</value>
</option>
<option>
<key>Windows 98</key>
<value>Windows 98</value>
</option>
<option>
<key>Windows 2000</key>
<value>Windows 2000</value>
</option>
<option>
<key>Windows Server 2003</key>
<value>Windows Server 2003</value>
</option>
<option>
<key>Windows Server 2008</key>
<value>Windows Server 2008</value>
</option>
<option>
<key>Windows 7</key>
<value>Windows 7</value>
</option>
<option>
<key>Windows 8</key>
<value>Windows 8</value>
</option>
<option>
<key>Windows CE</key>
<value>Windows CE</value>
</option>
<option>
<key>Windows ME</key>
<value>Windows ME</value>
</option>
<option>
<key>Windows Mobile 2003</key>
<value>Windows Mobile 2003</value>
</option>
<option>
<key>Windows Mobile 5.0</key>
<value>Windows Mobile 5.0</value>
</option>
<option>
<key>Windows NT</key>
<value>Windows NT</value>
</option>
<option>
<key>Windows XP</key>
<value>Windows XP</value>
</option>
<option>
<key>Windows Vista</key>
<value>Windows Vista</value>
</option>
<option>
<key>Windows Vista-WPF</key>
<value>Windows Vista-WPF</value>
</option>
</options>
<MetaData>
<meta>
<key>task.meta.readOnly</key>
<value>false</value>
</meta>
<meta>
<key>task.meta.type</key>
<value>singleSelect</value>
</meta>
<meta>
<key>task.meta.attributeKind</key>
<value>task.common.kind.default</value>
</meta>
<meta>
<key>task.meta.label</key>
<value>OS:</value>
</meta>
</MetaData>
<Attributes/>
</Attribute>
<Attribute id="priority">
<values>
<value>P3</value>
</values>
<options>
<option>
<key>P1</key>
<value>P1</value>
</option>
<option>
<key>P2</key>
<value>P2</value>
</option>
<option>
<key>P3</key>
<value>P3</value>
</option>
<option>
<key>P4</key>
<value>P4</value>
</option>
<option>
<key>P5</key>
<value>P5</value>
</option>
</options>
<MetaData>
<meta>
<key>task.meta.readOnly</key>
<value>false</value>
</meta>
<meta>
<key>task.meta.type</key>
<value>singleSelect</value>
</meta>
<meta>
<key>task.meta.attributeKind</key>
<value>task.common.kind.default</value>
</meta>
<meta>
<key>task.meta.label</key>
<value>Priority:</value>
</meta>
</MetaData>
<Attributes/>
</Attribute>
<Attribute id="bug_severity">
<values>
<value>normal</value>
</values>
<options>
<option>
<key>blocker</key>
<value>blocker</value>
</option>
<option>
<key>critical</key>
<value>critical</value>
</option>
<option>
<key>major</key>
<value>major</value>
</option>
<option>
<key>normal</key>
<value>normal</value>
</option>
<option>
<key>minor</key>
<value>minor</value>
</option>
<option>
<key>trivial</key>
<value>trivial</value>
</option>
<option>
<key>enhancement</key>
<value>enhancement</value>
</option>
</options>
<MetaData>
<meta>
<key>task.meta.readOnly</key>
<value>false</value>
</meta>
<meta>
<key>task.meta.type</key>
<value>singleSelect</value>
</meta>
<meta>
<key>task.meta.attributeKind</key>
<value>task.common.kind.default</value>
</meta>
<meta>
<key>task.meta.label</key>
<value>Severity:</value>
</meta>
</MetaData>
<Attributes/>
</Attribute>
<Attribute id="assigned_to">
<values>
<value/>
</values>
<options/>
<MetaData>
<meta>
<key>task.meta.readOnly</key>
<value>false</value>
</meta>
<meta>
<key>task.meta.type</key>
<value>person</value>
</meta>
<meta>
<key>task.meta.label</key>
<value>Assigned to:</value>
</meta>
</MetaData>
<Attributes/>
</Attribute>
<Attribute id="qa_contact">
<values>
<value/>
</values>
<options/>
<MetaData>
<meta>
<key>task.meta.readOnly</key>
<value>false</value>
</meta>
<meta>
<key>task.meta.type</key>
<value>person</value>
</meta>
<meta>
<key>task.meta.label</key>
<value>QA Contact:</value>
</meta>
</MetaData>
<Attributes/>
</Attribute>
<Attribute id="bug_file_loc">
<values>
<value>http://</value>
</values>
<options/>
<MetaData>
<meta>
<key>task.meta.readOnly</key>
<value>false</value>
</meta>
<meta>
<key>task.meta.type</key>
<value>url</value>
</meta>
<meta>
<key>task.meta.attributeKind</key>
<value>task.common.kind.default</value>
</meta>
<meta>
<key>task.meta.label</key>
<value>URL:</value>
</meta>
</MetaData>
<Attributes/>
</Attribute>
<Attribute id="dependson">
<values/>
<options/>
<MetaData>
<meta>
<key>task.meta.readOnly</key>
<value>false</value>
</meta>
<meta>
<key>task.meta.type</key>
<value>taskDepenedency</value>
</meta>
<meta>
<key>task.meta.attributeKind</key>
<value>task.common.kind.default</value>
</meta>
<meta>
<key>task.meta.label</key>
<value>Depends on (Subtasks):</value>
</meta>
</MetaData>
<Attributes/>
</Attribute>
<Attribute id="blocked">
<values/>
<options/>
<MetaData>
<meta>
<key>task.meta.readOnly</key>
<value>false</value>
</meta>
<meta>
<key>task.meta.type</key>
<value>taskDepenedency</value>
</meta>
<meta>
<key>task.meta.attributeKind</key>
<value>task.common.kind.default</value>
</meta>
<meta>
<key>task.meta.label</key>
<value>Blocks:</value>
</meta>
</MetaData>
<Attributes/>
</Attribute>
<Attribute id="newcc">
<values/>
<options/>
<MetaData>
<meta>
<key>task.meta.readOnly</key>
<value>false</value>
</meta>
<meta>
<key>task.meta.type</key>
<value>person</value>
</meta>
<meta>
<key>task.meta.label</key>
<value>Add CC:</value>
</meta>
</MetaData>
<Attributes/>
</Attribute>
<Attribute id="long_desc">
<values/>
<options/>
<MetaData>
<meta>
<key>task.meta.readOnly</key>
<value>false</value>
</meta>
<meta>
<key>task.meta.type</key>
<value>longRichText</value>
</meta>
<meta>
<key>task.meta.label</key>
<value>Description:</value>
</meta>
</MetaData>
<Attributes/>
</Attribute>
<Attribute id="keywords">
<values/>
<options/>
<MetaData>
<meta>
<key>task.meta.readOnly</key>
<value>false</value>
</meta>
<meta>
<key>task.meta.type</key>
<value>bugzilla.editor.keywords</value>
</meta>
<meta>
<key>task.meta.attributeKind</key>
<value>task.common.kind.default</value>
</meta>
<meta>
<key>task.meta.label</key>
<value>Keywords:</value>
</meta>
</MetaData>
<Attributes/>
</Attribute>
</Attributes>
</Attribute>
</Attributes>
</NewData>
<OldData connectorKind="bugzilla" repositoryUrl="https://bugs.eclipse.org/bugs" taskId="" version="4.8">
<Attributes>
<Attribute id="root">
<values/>
<options/>
<MetaData/>
<Attributes>
<Attribute id="product">
<values>
<value>ACTF</value>
</values>
<options>
<option>
<key>ACTF</key>
<value>ACTF</value>
</option>
<option>
<key>AJDT</key>
<value>AJDT</value>
</option>
<option>
<key>AMP</key>
<value>AMP</value>
</option>
<option>
<key>ATF</key>
<value>ATF</value>
</option>
<option>
<key>Aether</key>
<value>Aether</value>
</option>
<option>
<key>Amalgam</key>
<value>Amalgam</value>
</option>
<option>
<key>Apricot</key>
<value>Apricot</value>
</option>
<option>
<key>AspectJ</key>
<value>AspectJ</value>
</option>
<option>
<key>BIRT</key>
<value>BIRT</value>
</option>
<option>
<key>BPEL</key>
<value>BPEL</value>
</option>
<option>
<key>BPMN2Modeler</key>
<value>BPMN2Modeler</value>
</option>
<option>
<key>Babel</key>
<value>Babel</value>
</option>
<option>
<key>Buckminster</key>
<value>Buckminster</value>
</option>
<option>
<key>CBI</key>
<value>CBI</value>
</option>
<option>
<key>CDT</key>
<value>CDT</value>
</option>
<option>
<key>Community</key>
<value>Community</value>
</option>
<option>
<key>DLTK</key>
<value>DLTK</value>
</option>
<option>
<key>Dali JPA Tools</key>
<value>Dali JPA Tools</value>
</option>
<option>
<key>Damos</key>
<value>Damos</value>
</option>
<option>
<key>Dash</key>
<value>Dash</value>
</option>
<option>
<key>Data Tools</key>
<value>Data Tools</value>
</option>
<option>
<key>Drupal</key>
<value>Drupal</value>
</option>
<option>
<key>EBR</key>
<value>EBR</value>
</option>
<option>
<key>ECF</key>
<value>ECF</value>
</option>
<option>
<key>EDT</key>
<value>EDT</value>
</option>
<option>
<key>EGit</key>
<value>EGit</value>
</option>
<option>
<key>EMF</key>
<value>EMF</value>
</option>
<option>
<key>EMF.Diffmerge</key>
<value>EMF.Diffmerge</value>
</option>
<option>
<key>EMF.EGF</key>
<value>EMF.EGF</value>
</option>
<option>
<key>EMFCompare</key>
<value>EMFCompare</value>
</option>
<option>
<key>EMFT</key>
<value>EMFT</value>
</option>
<option>
<key>EMFT.Doc2Model</key>
<value>EMFT.Doc2Model</value>
</option>
<option>
<key>EMFT.Featuremodel</key>
<value>EMFT.Featuremodel</value>
</option>
<option>
<key>EMFT.Henshin</key>
<value>EMFT.Henshin</value>
</option>
<option>
<key>EMFT.Refactor</key>
<value>EMFT.Refactor</value>
</option>
<option>
<key>EMFT.Wazaabi</key>
<value>EMFT.Wazaabi</value>
</option>
<option>
<key>EMFT.b3</key>
<value>EMFT.b3</value>
</option>
<option>
<key>EMFT.emf-store</key>
<value>EMFT.emf-store</value>
</option>
<option>
<key>EMFT.emfclient</key>
<value>EMFT.emfclient</value>
</option>
<option>
<key>EMFT.facet</key>
<value>EMFT.facet</value>
</option>
<option>
<key>EMFT.js4emf</key>
<value>EMFT.js4emf</value>
</option>
<option>
<key>EPF</key>
<value>EPF</value>
</option>
<option>
<key>EPP</key>
<value>EPP</value>
</option>
<option>
<key>ERCP</key>
<value>ERCP</value>
</option>
<option>
<key>EclipseLink</key>
<value>EclipseLink</value>
</option>
<option>
<key>Efxclipse</key>
<value>Efxclipse</value>
</option>
<option>
<key>Epsilon</key>
<value>Epsilon</value>
</option>
<option>
<key>Equinox</key>
<value>Equinox</value>
</option>
<option>
<key>Examples</key>
<value>Examples</value>
</option>
<option>
<key>GEF</key>
<value>GEF</value>
</option>
<option>
<key>GEF3D</key>
<value>GEF3D</value>
</option>
<option>
<key>GMF-Tooling</key>
<value>GMF-Tooling</value>
</option>
<option>
<key>GMP</key>
<value>GMP</value>
</option>
<option>
<key>GMT</key>
<value>GMT</value>
</option>
<option>
<key>Gemini</key>
<value>Gemini</value>
</option>
<option>
<key>Gemini.Blueprint</key>
<value>Gemini.Blueprint</value>
</option>
<option>
<key>Gemini.DBaccess</key>
<value>Gemini.DBaccess</value>
</option>
<option>
<key>Gemini.JPA</key>
<value>Gemini.JPA</value>
</option>
<option>
<key>Gemini.Management</key>
<value>Gemini.Management</value>
</option>
<option>
<key>Gemini.Naming</key>
<value>Gemini.Naming</value>
</option>
<option>
<key>Gemini.Web</key>
<value>Gemini.Web</value>
</option>
<option>
<key>Gyrex</key>
<value>Gyrex</value>
</option>
<option>
<key>Higgins</key>
<value>Higgins</value>
</option>
<option>
<key>Hudson</key>
<value>Hudson</value>
</option>
<option>
<key>IDE4EDU</key>
<value>IDE4EDU</value>
</option>
<option>
<key>IMP</key>
<value>IMP</value>
</option>
<option>
<key>Incquery</key>
<value>Incquery</value>
</option>
<option>
<key>Incubator</key>
<value>Incubator</value>
</option>
<option>
<key>JDT</key>
<value>JDT</value>
</option>
<option>
<key>JGit</key>
<value>JGit</value>
</option>
<option>
<key>JSDT</key>
<value>JSDT</value>
</option>
<option>
<key>JWT</key>
<value>JWT</value>
</option>
<option>
<key>Java EE Config</key>
<value>Java EE Config</value>
</option>
<option>
<key>Java Server Faces</key>
<value>Java Server Faces</value>
</option>
<option>
<key>Jetty</key>
<value>Jetty</value>
</option>
<option>
<key>Jubula</key>
<value>Jubula</value>
</option>
<option>
<key>Koneki</key>
<value>Koneki</value>
</option>
<option>
<key>LTS</key>
<value>LTS</value>
</option>
<option>
<key>Libra</key>
<value>Libra</value>
</option>
<option>
<key>Linux Tools</key>
<value>Linux Tools</value>
</option>
<option>
<key>Lyo</key>
<value>Lyo</value>
</option>
<option>
<key>M2E-WTP</key>
<value>M2E-WTP</value>
</option>
<option>
<key>M2T</key>
<value>M2T</value>
</option>
<option>
<key>MAT</key>
<value>MAT</value>
</option>
<option>
<key>MDT</key>
<value>MDT</value>
</option>
<option>
<key>MDT.BPMN2</key>
<value>MDT.BPMN2</value>
</option>
<option>
<key>MDT.Etrice</key>
<value>MDT.Etrice</value>
</option>
<option>
<key>MDT.MoDisco</key>
<value>MDT.MoDisco</value>
</option>
<option>
<key>MDT.OCL</key>
<value>MDT.OCL</value>
</option>
<option>
<key>MDT.Papyrus</key>
<value>MDT.Papyrus</value>
</option>
<option>
<key>MDT.RMF</key>
<value>MDT.RMF</value>
</option>
<option>
<key>MDT.Sphinx</key>
<value>MDT.Sphinx</value>
</option>
<option>
<key>MDT.UML2</key>
<value>MDT.UML2</value>
</option>
<option>
<key>MDT.XSD</key>
<value>MDT.XSD</value>
</option>
<option>
<key>MMT</key>
<value>MMT</value>
</option>
<option>
<key>MMT.ATL</key>
<value>MMT.ATL</value>
</option>
<option>
<key>MMT.QVTd</key>
<value>MMT.QVTd</value>
</option>
<option>
<key>MMT.QVTo</key>
<value>MMT.QVTo</value>
</option>
<option>
<key>MPC</key>
<value>MPC</value>
</option>
<option>
<key>MTJ</key>
<value>MTJ</value>
</option>
<option>
<key>Magrove</key>
<value>Magrove</value>
</option>
<option>
<key>Mihini</key>
<value>Mihini</value>
</option>
<option>
<key>Modeling</key>
<value>Modeling</value>
</option>
<option>
<key>Mylyn</key>
<value>Mylyn</value>
</option>
<option>
<key>Mylyn Builds</key>
<value>Mylyn Builds</value>
</option>
<option>
<key>Mylyn Commons</key>
<value>Mylyn Commons</value>
</option>
<option>
<key>Mylyn Context</key>
<value>Mylyn Context</value>
</option>
<option>
<key>Mylyn Context MFT</key>
<value>Mylyn Context MFT</value>
</option>
<option>
<key>Mylyn Docs</key>
<value>Mylyn Docs</value>
</option>
<option>
<key>Mylyn Docs Intent</key>
<value>Mylyn Docs Intent</value>
</option>
<option>
<key>Mylyn Docs Vex</key>
<value>Mylyn Docs Vex</value>
</option>
<option>
<key>Mylyn Incubator</key>
<value>Mylyn Incubator</value>
</option>
<option>
<key>Mylyn Reviews</key>
<value>Mylyn Reviews</value>
</option>
<option>
<key>Mylyn Reviews R4E</key>
<value>Mylyn Reviews R4E</value>
</option>
<option>
<key>Mylyn Tasks</key>
<value>Mylyn Tasks</value>
</option>
<option>
<key>Mylyn Versions</key>
<value>Mylyn Versions</value>
</option>
<option>
<key>NatTable</key>
<value>NatTable</value>
</option>
<option>
<key>Nebula</key>
<value>Nebula</value>
</option>
<option>
<key>Nebula.incubator</key>
<value>Nebula.incubator</value>
</option>
<option>
<key>OSEE</key>
<value>OSEE</value>
</option>
<option>
<key>Objectteams</key>
<value>Objectteams</value>
</option>
<option>
<key>Orbit</key>
<value>Orbit</value>
</option>
<option>
<key>Orion</key>
<value>Orion</value>
</option>
<option>
<key>PDE</key>
<value>PDE</value>
</option>
<option>
<key>PDT</key>
<value>PDT</value>
</option>
<option>
<key>PDT.Incubator</key>
<value>PDT.Incubator</value>
</option>
<option>
<key>PTP</key>
<value>PTP</value>
</option>
<option>
<key>Paho</key>
<value>Paho</value>
</option>
<option>
<key>Platform</key>
<value>Platform</value>
</option>
<option>
<key>RAP</key>
<value>RAP</value>
</option>
<option>
<key>RTP</key>
<value>RTP</value>
</option>
<option>
<key>RTSC</key>
<value>RTSC</value>
</option>
<option>
<key>Recommenders</key>
<value>Recommenders</value>
</option>
<option>
<key>Recommenders.Incubator</key>
<value>Recommenders.Incubator</value>
</option>
<option>
<key>Remus</key>
<value>Remus</value>
</option>
<option>
<key>Riena</key>
<value>Riena</value>
</option>
<option>
<key>SCA</key>
<value>SCA</value>
</option>
<option>
<key>SOA</key>
<value>SOA</value>
</option>
<option>
<key>SOA Platform</key>
<value>SOA Platform</value>
</option>
<option>
<key>STEM</key>
<value>STEM</value>
</option>
<option>
<key>SWTBot</key>
<value>SWTBot</value>
</option>
<option>
<key>Sapphire</key>
<value>Sapphire</value>
</option>
<option>
<key>Scout</key>
<value>Scout</value>
</option>
<option>
<key>Sequoyah</key>
<value>Sequoyah</value>
</option>
<option>
<key>Simultaneous Release</key>
<value>Simultaneous Release</value>
</option>
<option>
<key>Sisu</key>
<value>Sisu</value>
</option>
<option>
<key>Skalli</key>
<value>Skalli</value>
</option>
<option>
<key>Sketch</key>
<value>Sketch</value>
</option>
<option>
<key>Smila</key>
<value>Smila</value>
</option>
<option>
<key>Stardust</key>
<value>Stardust</value>
</option>
<option>
<key>Subversive</key>
<value>Subversive</value>
</option>
<option>
<key>Swordfish</key>
<value>Swordfish</value>
</option>
<option>
<key>TCF</key>
<value>TCF</value>
</option>
<option>
<key>TMF</key>
<value>TMF</value>
</option>
<option>
<key>TMW</key>
<value>TMW</value>
</option>
<option>
<key>TPTP ASF</key>
<value>TPTP ASF</value>
</option>
<option>
<key>TPTP Agent Controller</key>
<value>TPTP Agent Controller</value>
</option>
<option>
<key>TPTP Build to Manage</key>
<value>TPTP Build to Manage</value>
</option>
<option>
<key>TPTP Common Logging</key>
<value>TPTP Common Logging</value>
</option>
<option>
<key>TPTP GLA</key>
<value>TPTP GLA</value>
</option>
<option>
<key>TPTP Line Coverage</key>
<value>TPTP Line Coverage</value>
</option>
<option>
<key>TPTP Log Analyzer</key>
<value>TPTP Log Analyzer</value>
</option>
<option>
<key>TPTP Probe Instrumentation</key>
<value>TPTP Probe Instrumentation</value>
</option>
<option>
<key>TPTP Profiling</key>
<value>TPTP Profiling</value>
</option>
<option>
<key>TPTP Release Engineering</key>
<value>TPTP Release Engineering</value>
</option>
<option>
<key>TPTP Resource Monitoring</key>
<value>TPTP Resource Monitoring</value>
</option>
<option>
<key>TPTP Static Analysis</key>
<value>TPTP Static Analysis</value>
</option>
<option>
<key>TPTP Testing</key>
<value>TPTP Testing</value>
</option>
<option>
<key>Target Management</key>
<value>Target Management</value>
</option>
<option>
<key>Tigerstripe</key>
<value>Tigerstripe</value>
</option>
<option>
<key>Tools</key>
<value>Tools</value>
</option>
<option>
<key>Tycho</key>
<value>Tycho</value>
</option>
<option>
<key>UOMo</key>
<value>UOMo</value>
</option>
<option>
<key>UPR</key>
<value>UPR</value>
</option>
<option>
<key>VTP</key>
<value>VTP</value>
</option>
<option>
<key>Virgo</key>
<value>Virgo</value>
</option>
<option>
<key>Vjet</key>
<value>Vjet</value>
</option>
<option>
<key>WTP Common Tools</key>
<value>WTP Common Tools</value>
</option>
<option>
<key>WTP EJB Tools</key>
<value>WTP EJB Tools</value>
</option>
<option>
<key>WTP Incubator</key>
<value>WTP Incubator</value>
</option>
<option>
<key>WTP Java EE Tools</key>
<value>WTP Java EE Tools</value>
</option>
<option>
<key>WTP Releng</key>
<value>WTP Releng</value>
</option>
<option>
<key>WTP ServerTools</key>
<value>WTP ServerTools</value>
</option>
<option>
<key>WTP Source Editing</key>
<value>WTP Source Editing</value>
</option>
<option>
<key>WTP Webservices</key>
<value>WTP Webservices</value>
</option>
<option>
<key>WTP Website</key>
<value>WTP Website</value>
</option>
<option>
<key>Web Tools</key>
<value>Web Tools</value>
</option>
<option>
<key>WindowBuilder</key>
<value>WindowBuilder</value>
</option>
<option>
<key>Woolsey</key>
<value>Woolsey</value>
</option>
<option>
<key>Working Groups</key>
<value>Working Groups</value>
</option>
<option>
<key>XWT</key>
<value>XWT</value>
</option>
<option>
<key>Xtend</key>
<value>Xtend</value>
</option>
<option>
<key>e4</key>
<value>e4</value>
</option>
<option>
<key>eBAM</key>
<value>eBAM</value>
</option>
<option>
<key>eBPM</key>
<value>eBPM</value>
</option>
<option>
<key>gEclipse</key>
<value>gEclipse</value>
</option>
<option>
<key>m2e</key>
<value>m2e</value>
</option>
<option>
<key>z_Archived</key>
<value>z_Archived</value>
</option>
</options>
<MetaData>
<meta>
<key>task.meta.readOnly</key>
<value>false</value>
</meta>
<meta>
<key>task.meta.type</key>
<value>singleSelect</value>
</meta>
<meta>
<key>task.meta.attributeKind</key>
<value>task.common.kind.default</value>
</meta>
<meta>
<key>task.meta.label</key>
<value>Product:</value>
</meta>
</MetaData>
<Attributes/>
</Attribute>
<Attribute id="bug_status">
<values>
<value>NEW</value>
</values>
<options>
<option>
<key>UNCONFIRMED</key>
<value>UNCONFIRMED</value>
</option>
<option>
<key>NEW</key>
<value>NEW</value>
</option>
<option>
<key>ASSIGNED</key>
<value>ASSIGNED</value>
</option>
<option>
<key>REOPENED</key>
<value>REOPENED</value>
</option>
<option>
<key>RESOLVED</key>
<value>RESOLVED</value>
</option>
<option>
<key>VERIFIED</key>
<value>VERIFIED</value>
</option>
<option>
<key>CLOSED</key>
<value>CLOSED</value>
</option>
</options>
<MetaData>
<meta>
<key>task.meta.readOnly</key>
<value>true</value>
</meta>
<meta>
<key>task.meta.type</key>
<value>shortText</value>
</meta>
<meta>
<key>task.meta.label</key>
<value>Status:</value>
</meta>
</MetaData>
<Attributes/>
</Attribute>
<Attribute id="short_desc">
<values/>
<options/>
<MetaData>
<meta>
<key>task.meta.readOnly</key>
<value>false</value>
</meta>
<meta>
<key>task.meta.type</key>
<value>shortRichText</value>
</meta>
<meta>
<key>task.meta.label</key>
<value>Summary:</value>
</meta>
</MetaData>
<Attributes/>
</Attribute>
<Attribute id="version">
<values>
<value>unspecified</value>
</values>
<options>
<option>
<key>0.5.0</key>
<value>0.5.0</value>
</option>
<option>
<key>0.7.0</key>
<value>0.7.0</value>
</option>
<option>
<key>0.7.1</key>
<value>0.7.1</value>
</option>
<option>
<key>0.7.2</key>
<value>0.7.2</value>
</option>
<option>
<key>0.8.0</key>
<value>0.8.0</value>
</option>
<option>
<key>0.8.1</key>
<value>0.8.1</value>
</option>
<option>
<key>0.8.2</key>
<value>0.8.2</value>
</option>
<option>
<key>0.9.0</key>
<value>0.9.0</value>
</option>
<option>
<key>1.0.0</key>
<value>1.0.0</value>
</option>
<option>
<key>unspecified</key>
<value>unspecified</value>
</option>
</options>
<MetaData>
<meta>
<key>task.meta.readOnly</key>
<value>false</value>
</meta>
<meta>
<key>task.meta.type</key>
<value>singleSelect</value>
</meta>
<meta>
<key>task.meta.attributeKind</key>
<value>task.common.kind.default</value>
</meta>
<meta>
<key>task.meta.label</key>
<value>Version:</value>
</meta>
</MetaData>
<Attributes/>
</Attribute>
<Attribute id="component">
<values>
<value>accservice</value>
</values>
<options>
<option>
<key>AI</key>
<value>AI</value>
</option>
<option>
<key>Doc</key>
<value>Doc</value>
</option>
<option>
<key>Javaco</key>
<value>Javaco</value>
</option>
<option>
<key>Model</key>
<value>Model</value>
</option>
<option>
<key>Other</key>
<value>Other</value>
</option>
<option>
<key>Validation</key>
<value>Validation</value>
</option>
<option>
<key>Visualization</key>
<value>Visualization</value>
</option>
<option>
<key>Webelo</key>
<value>Webelo</value>
</option>
<option>
<key>accservice</key>
<value>accservice</value>
</option>
<option>
<key>core</key>
<value>core</value>
</option>
<option>
<key>examples</key>
<value>examples</value>
</option>
<option>
<key>util</key>
<value>util</value>
</option>
</options>
<MetaData>
<meta>
<key>task.meta.readOnly</key>
<value>false</value>
</meta>
<meta>
<key>task.meta.type</key>
<value>singleSelect</value>
</meta>
<meta>
<key>task.meta.attributeKind</key>
<value>task.common.kind.default</value>
</meta>
<meta>
<key>task.meta.label</key>
<value>Component:</value>
</meta>
</MetaData>
<Attributes/>
</Attribute>
<Attribute id="target_milestone">
<values>
<value>---</value>
</values>
<options>
<option>
<key>---</key>
<value>---</value>
</option>
<option>
<key>0.1</key>
<value>0.1</value>
</option>
<option>
<key>0.2</key>
<value>0.2</value>
</option>
<option>
<key>0.2 M1</key>
<value>0.2 M1</value>
</option>
<option>
<key>0.5</key>
<value>0.5</value>
</option>
<option>
<key>0.6</key>
<value>0.6</value>
</option>
<option>
<key>0.7</key>
<value>0.7</value>
</option>
<option>
<key>0.8</key>
<value>0.8</value>
</option>
<option>
<key>0.9</key>
<value>0.9</value>
</option>
<option>
<key>1.0</key>
<value>1.0</value>
</option>
</options>
<MetaData>
<meta>
<key>task.meta.readOnly</key>
<value>false</value>
</meta>
<meta>
<key>task.meta.type</key>
<value>singleSelect</value>
</meta>
<meta>
<key>task.meta.attributeKind</key>
<value>task.common.kind.default</value>
</meta>
<meta>
<key>task.meta.label</key>
<value>Target milestone:</value>
</meta>
</MetaData>
<Attributes/>
</Attribute>
<Attribute id="rep_platform">
<values>
<value>Macintosh</value>
</values>
<options>
<option>
<key>All</key>
<value>All</value>
</option>
<option>
<key>Macintosh</key>
<value>Macintosh</value>
</option>
<option>
<key>Other</key>
<value>Other</value>
</option>
<option>
<key>PC</key>
<value>PC</value>
</option>
<option>
<key>Power PC</key>
<value>Power PC</value>
</option>
<option>
<key>Sun</key>
<value>Sun</value>
</option>
</options>
<MetaData>
<meta>
<key>task.meta.readOnly</key>
<value>false</value>
</meta>
<meta>
<key>task.meta.type</key>
<value>singleSelect</value>
</meta>
<meta>
<key>task.meta.attributeKind</key>
<value>task.common.kind.default</value>
</meta>
<meta>
<key>task.meta.label</key>
<value>Platform:</value>
</meta>
</MetaData>
<Attributes/>
</Attribute>
<Attribute id="op_sys">
<values>
<value>Mac OS X</value>
</values>
<options>
<option>
<key>All</key>
<value>All</value>
</option>
<option>
<key>AIX GTK</key>
<value>AIX GTK</value>
</option>
<option>
<key>AIX Motif</key>
<value>AIX Motif</value>
</option>
<option>
<key>Android</key>
<value>Android</value>
</option>
<option>
<key>HP-UX</key>
<value>HP-UX</value>
</option>
<option>
<key>HP-UX GTK</key>
<value>HP-UX GTK</value>
</option>
<option>
<key>iOS</key>
<value>iOS</value>
</option>
<option>
<key>Linux</key>
<value>Linux</value>
</option>
<option>
<key>Linux-GTK</key>
<value>Linux-GTK</value>
</option>
<option>
<key>Linux-Motif</key>
<value>Linux-Motif</value>
</option>
<option>
<key>Linux Qt</key>
<value>Linux Qt</value>
</option>
<option>
<key>Mac OS X</key>
<value>Mac OS X</value>
</option>
<option>
<key>Neutrino</key>
<value>Neutrino</value>
</option>
<option>
<key>other</key>
<value>other</value>
</option>
<option>
<key>QNX-Photon</key>
<value>QNX-Photon</value>
</option>
<option>
<key>Solaris</key>
<value>Solaris</value>
</option>
<option>
<key>Solaris-GTK</key>
<value>Solaris-GTK</value>
</option>
<option>
<key>Solaris-Motif</key>
<value>Solaris-Motif</value>
</option>
<option>
<key>SymbianOS-Series 80</key>
<value>SymbianOS-Series 80</value>
</option>
<option>
<key>SymbianOS S60</key>
<value>SymbianOS S60</value>
</option>
<option>
<key>Symbian Qt</key>
<value>Symbian Qt</value>
</option>
<option>
<key>Unix All</key>
<value>Unix All</value>
</option>
<option>
<key>Windows All</key>
<value>Windows All</value>
</option>
<option>
<key>Windows 95</key>
<value>Windows 95</value>
</option>
<option>
<key>Windows 98</key>
<value>Windows 98</value>
</option>
<option>
<key>Windows 2000</key>
<value>Windows 2000</value>
</option>
<option>
<key>Windows Server 2003</key>
<value>Windows Server 2003</value>
</option>
<option>
<key>Windows Server 2008</key>
<value>Windows Server 2008</value>
</option>
<option>
<key>Windows 7</key>
<value>Windows 7</value>
</option>
<option>
<key>Windows 8</key>
<value>Windows 8</value>
</option>
<option>
<key>Windows CE</key>
<value>Windows CE</value>
</option>
<option>
<key>Windows ME</key>
<value>Windows ME</value>
</option>
<option>
<key>Windows Mobile 2003</key>
<value>Windows Mobile 2003</value>
</option>
<option>
<key>Windows Mobile 5.0</key>
<value>Windows Mobile 5.0</value>
</option>
<option>
<key>Windows NT</key>
<value>Windows NT</value>
</option>
<option>
<key>Windows XP</key>
<value>Windows XP</value>
</option>
<option>
<key>Windows Vista</key>
<value>Windows Vista</value>
</option>
<option>
<key>Windows Vista-WPF</key>
<value>Windows Vista-WPF</value>
</option>
</options>
<MetaData>
<meta>
<key>task.meta.readOnly</key>
<value>false</value>
</meta>
<meta>
<key>task.meta.type</key>
<value>singleSelect</value>
</meta>
<meta>
<key>task.meta.attributeKind</key>
<value>task.common.kind.default</value>
</meta>
<meta>
<key>task.meta.label</key>
<value>OS:</value>
</meta>
</MetaData>
<Attributes/>
</Attribute>
<Attribute id="priority">
<values>
<value>P3</value>
</values>
<options>
<option>
<key>P1</key>
<value>P1</value>
</option>
<option>
<key>P2</key>
<value>P2</value>
</option>
<option>
<key>P3</key>
<value>P3</value>
</option>
<option>
<key>P4</key>
<value>P4</value>
</option>
<option>
<key>P5</key>
<value>P5</value>
</option>
</options>
<MetaData>
<meta>
<key>task.meta.readOnly</key>
<value>false</value>
</meta>
<meta>
<key>task.meta.type</key>
<value>singleSelect</value>
</meta>
<meta>
<key>task.meta.attributeKind</key>
<value>task.common.kind.default</value>
</meta>
<meta>
<key>task.meta.label</key>
<value>Priority:</value>
</meta>
</MetaData>
<Attributes/>
</Attribute>
<Attribute id="bug_severity">
<values>
<value>normal</value>
</values>
<options>
<option>
<key>blocker</key>
<value>blocker</value>
</option>
<option>
<key>critical</key>
<value>critical</value>
</option>
<option>
<key>major</key>
<value>major</value>
</option>
<option>
<key>normal</key>
<value>normal</value>
</option>
<option>
<key>minor</key>
<value>minor</value>
</option>
<option>
<key>trivial</key>
<value>trivial</value>
</option>
<option>
<key>enhancement</key>
<value>enhancement</value>
</option>
</options>
<MetaData>
<meta>
<key>task.meta.readOnly</key>
<value>false</value>
</meta>
<meta>
<key>task.meta.type</key>
<value>singleSelect</value>
</meta>
<meta>
<key>task.meta.attributeKind</key>
<value>task.common.kind.default</value>
</meta>
<meta>
<key>task.meta.label</key>
<value>Severity:</value>
</meta>
</MetaData>
<Attributes/>
</Attribute>
<Attribute id="assigned_to">
<values>
<value/>
</values>
<options/>
<MetaData>
<meta>
<key>task.meta.readOnly</key>
<value>false</value>
</meta>
<meta>
<key>task.meta.type</key>
<value>person</value>
</meta>
<meta>
<key>task.meta.label</key>
<value>Assigned to:</value>
</meta>
</MetaData>
<Attributes/>
</Attribute>
<Attribute id="qa_contact">
<values>
<value/>
</values>
<options/>
<MetaData>
<meta>
<key>task.meta.readOnly</key>
<value>false</value>
</meta>
<meta>
<key>task.meta.type</key>
<value>person</value>
</meta>
<meta>
<key>task.meta.label</key>
<value>QA Contact:</value>
</meta>
</MetaData>
<Attributes/>
</Attribute>
<Attribute id="bug_file_loc">
<values>
<value>http://</value>
</values>
<options/>
<MetaData>
<meta>
<key>task.meta.readOnly</key>
<value>false</value>
</meta>
<meta>
<key>task.meta.type</key>
<value>url</value>
</meta>
<meta>
<key>task.meta.attributeKind</key>
<value>task.common.kind.default</value>
</meta>
<meta>
<key>task.meta.label</key>
<value>URL:</value>
</meta>
</MetaData>
<Attributes/>
</Attribute>
<Attribute id="dependson">
<values/>
<options/>
<MetaData>
<meta>
<key>task.meta.readOnly</key>
<value>false</value>
</meta>
<meta>
<key>task.meta.type</key>
<value>taskDepenedency</value>
</meta>
<meta>
<key>task.meta.attributeKind</key>
<value>task.common.kind.default</value>
</meta>
<meta>
<key>task.meta.label</key>
<value>Depends on (Subtasks):</value>
</meta>
</MetaData>
<Attributes/>
</Attribute>
<Attribute id="blocked">
<values/>
<options/>
<MetaData>
<meta>
<key>task.meta.readOnly</key>
<value>false</value>
</meta>
<meta>
<key>task.meta.type</key>
<value>taskDepenedency</value>
</meta>
<meta>
<key>task.meta.attributeKind</key>
<value>task.common.kind.default</value>
</meta>
<meta>
<key>task.meta.label</key>
<value>Blocks:</value>
</meta>
</MetaData>
<Attributes/>
</Attribute>
<Attribute id="newcc">
<values/>
<options/>
<MetaData>
<meta>
<key>task.meta.readOnly</key>
<value>false</value>
</meta>
<meta>
<key>task.meta.type</key>
<value>person</value>
</meta>
<meta>
<key>task.meta.label</key>
<value>Add CC:</value>
</meta>
</MetaData>
<Attributes/>
</Attribute>
<Attribute id="long_desc">
<values/>
<options/>
<MetaData>
<meta>
<key>task.meta.readOnly</key>
<value>false</value>
</meta>
<meta>
<key>task.meta.type</key>
<value>longRichText</value>
</meta>
<meta>
<key>task.meta.label</key>
<value>Description:</value>
</meta>
</MetaData>
<Attributes/>
</Attribute>
<Attribute id="keywords">
<values/>
<options/>
<MetaData>
<meta>
<key>task.meta.readOnly</key>
<value>false</value>
</meta>
<meta>
<key>task.meta.type</key>
<value>bugzilla.editor.keywords</value>
</meta>
<meta>
<key>task.meta.attributeKind</key>
<value>task.common.kind.default</value>
</meta>
<meta>
<key>task.meta.label</key>
<value>Keywords:</value>
</meta>
</MetaData>
<Attributes/>
</Attribute>
</Attributes>
</Attribute>
</Attributes>
</OldData>
<EditsData connectorKind="bugzilla" repositoryUrl="https://bugs.eclipse.org/bugs" taskId="" version="4.8">
<Attributes>
<Attribute id="root">
<values/>
<options/>
<MetaData/>
<Attributes/>
</Attribute>
</Attributes>
</EditsData>
</TaskState>
